{
    "Disabled": [
        false,
        "bool"
    ],
    "ServerModuleName": [
        "StandardRegisterFormWebclient",
        "string"
    ],
    "HashModuleName": [
        "register",
        "string"
    ],
    "CustomLogoUrl": [
        "",
        "string"
    ],
    "InfoText": [
        "",
        "string"
    ],
    "BottomInfoHtmlText": [
        "Powered by \u003Ca href=\"https:\/\/afterlogic.org\/webmail-lite\" target=\"_blank\"\u003EAfterlogic WebMail Lite\u003C\/a\u003E",
        "string"
    ]
}